pokemon_name,normalized_name,source_path,output_path
mandibuzz,mandibuzz,data/raw_images/_extracted/images/Mandibuzz/1.jpg,data/images/mandibuzz.jpg
throh,throh,data/raw_images/_extracted/images/Throh/1.jpg,data/images/throh.jpg
ducklett,ducklett,data/raw_images/_extracted/images/Ducklett/1.jpg,data/images/ducklett.jpg
larvesta,larvesta,data/raw_images/_extracted/images/Larvesta/1.jpg,data/images/larvesta.jpg
lampent,lampent,data/raw_images/_extracted/images/Lampent/1.jpg,data/images/lampent.jpg
zapdos,zapdos,data/raw_images/_extracted/images/Zapdos/4.jpg,data/images/zapdos.jpg
kadabra,kadabra,data/raw_images/_extracted/images/Kadabra/2.jpg,data/images/kadabra.jpg
diancie,diancie,data/raw_images/_extracted/images/Diancie/4.jpg,data/images/diancie.jpg
inkay,inkay,data/raw_images/_extracted/images/Inkay/1.jpg,data/images/inkay.jpg
roggenrola,roggenrola,data/raw_images/_extracted/images/Roggenrola/1.jpg,data/images/roggenrola.jpg
regigigas,regigigas,data/raw_images/_extracted/images/Regigigas/2.jpg,data/images/regigigas.jpg
farfetchd,farfetchd,data/raw_images/_extracted/images/Farfetch'd/4.jpg,data/images/farfetchd.jpg
omanyte,omanyte,data/raw_images/_extracted/images/Omanyte/2.jpg,data/images/omanyte.jpg
glameow,glameow,data/raw_images/_extracted/images/Glameow/1.jpg,data/images/glameow.jpg
munna,munna,data/raw_images/_extracted/images/Munna/1.jpg,data/images/munna.jpg
shellder,shellder,data/raw_images/_extracted/images/Shellder/2.jpg,data/images/shellder.jpg
bellsprout,bellsprout,data/raw_images/_extracted/images/Bellsprout/2.jpg,data/images/bellsprout.jpg
pansage,pansage,data/raw_images/_extracted/images/Pansage/1.jpg,data/images/pansage.jpg
tympole,tympole,data/raw_images/_extracted/images/Tympole/1.jpg,data/images/tympole.jpg
chandelure,chandelure,data/raw_images/_extracted/images/Chandelure/1.jpg,data/images/chandelure.jpg
gallade,gallade,data/raw_images/_extracted/images/Gallade/2.jpg,data/images/gallade.jpg
phione,phione,data/raw_images/_extracted/images/Phione/1.jpg,data/images/phione.jpg
eevee,eevee,data/raw_images/_extracted/images/Eevee/4.jpg,data/images/eevee.jpg
jolteon,jolteon,data/raw_images/_extracted/images/Jolteon/2.jpg,data/images/jolteon.jpg
gurdurr,gurdurr,data/raw_images/_extracted/images/Gurdurr/1.jpg,data/images/gurdurr.jpg
noibat,noibat,data/raw_images/_extracted/images/Noibat/1.jpg,data/images/noibat.jpg
gliscor,gliscor,data/raw_images/_extracted/images/Gliscor/1.jpg,data/images/gliscor.jpg
stunfisk,stunfisk,data/raw_images/_extracted/images/Stunfisk/2.jpg,data/images/stunfisk.jpg
hypno,hypno,data/raw_images/_extracted/images/Hypno/2.jpg,data/images/hypno.jpg
kricketot,kricketot,data/raw_images/_extracted/images/Kricketot/1.jpg,data/images/kricketot.jpg
breloom,breloom,data/raw_images/_extracted/images/Breloom/1.jpg,data/images/breloom.jpg
carvanha,carvanha,data/raw_images/_extracted/images/Carvanha/1.jpg,data/images/carvanha.jpg
wynaut,wynaut,data/raw_images/_extracted/images/Wynaut/1.jpg,data/images/wynaut.jpg
vanillite,vanillite,data/raw_images/_extracted/images/Vanillite/1.jpg,data/images/vanillite.jpg
sawsbuck,sawsbuck,data/raw_images/_extracted/images/Sawsbuck/4.jpg,data/images/sawsbuck.jpg
accelgor,accelgor,data/raw_images/_extracted/images/Accelgor/1.jpg,data/images/accelgor.jpg
gigalith,gigalith,data/raw_images/_extracted/images/Gigalith/1.jpg,data/images/gigalith.jpg
kingdra,kingdra,data/raw_images/_extracted/images/Kingdra/2.jpg,data/images/kingdra.jpg
haxorus,haxorus,data/raw_images/_extracted/images/Haxorus/1.jpg,data/images/haxorus.jpg
deino,deino,data/raw_images/_extracted/images/Deino/1.jpg,data/images/deino.jpg
tyrantrum,tyrantrum,data/raw_images/_extracted/images/Tyrantrum/1.jpg,data/images/tyrantrum.jpg
seel,seel,data/raw_images/_extracted/images/Seel/2.jpg,data/images/seel.jpg
braviary,braviary,data/raw_images/_extracted/images/Braviary/1.jpg,data/images/braviary.jpg
gothitelle,gothitelle,data/raw_images/_extracted/images/Gothitelle/1.jpg,data/images/gothitelle.jpg
chikorita,chikorita,data/raw_images/_extracted/images/Chikorita/2.jpg,data/images/chikorita.jpg
honedge,honedge,data/raw_images/_extracted/images/Honedge/1.jpg,data/images/honedge.jpg
meditite,meditite,data/raw_images/_extracted/images/Meditite/1.jpg,data/images/meditite.jpg
archen,archen,data/raw_images/_extracted/images/Archen/1.jpg,data/images/archen.jpg
drapion,drapion,data/raw_images/_extracted/images/Drapion/1.jpg,data/images/drapion.jpg
meganium,meganium,data/raw_images/_extracted/images/Meganium/2.jpg,data/images/meganium.jpg
politoed,politoed,data/raw_images/_extracted/images/Politoed/2.jpg,data/images/politoed.jpg
quilava,quilava,data/raw_images/_extracted/images/Quilava/2.jpg,data/images/quilava.jpg
dusclops,dusclops,data/raw_images/_extracted/images/Dusclops/1.jpg,data/images/dusclops.jpg
reshiram,reshiram,data/raw_images/_extracted/images/Reshiram/2.jpg,data/images/reshiram.jpg
baltoy,baltoy,data/raw_images/_extracted/images/Baltoy/1.jpg,data/images/baltoy.jpg
absol,absol,data/raw_images/_extracted/images/Absol/2.jpg,data/images/absol.jpg
zubat,zubat,data/raw_images/_extracted/images/Zubat/2.jpg,data/images/zubat.jpg
terrakion,terrakion,data/raw_images/_extracted/images/Terrakion/1.jpg,data/images/terrakion.jpg
ralts,ralts,data/raw_images/_extracted/images/Ralts/1.jpg,data/images/ralts.jpg
pineco,pineco,data/raw_images/_extracted/images/Pineco/2.jpg,data/images/pineco.jpg
armaldo,armaldo,data/raw_images/_extracted/images/Armaldo/1.jpg,data/images/armaldo.jpg
cottonee,cottonee,data/raw_images/_extracted/images/Cottonee/1.jpg,data/images/cottonee.jpg
graveler,graveler,data/raw_images/_extracted/images/Graveler/4.jpg,data/images/graveler.jpg
pichu,pichu,data/raw_images/_extracted/images/Pichu/2.jpg,data/images/pichu.jpg
magneton,magneton,data/raw_images/_extracted/images/Magneton/2.jpg,data/images/magneton.jpg
toxicroak,toxicroak,data/raw_images/_extracted/images/Toxicroak/1.jpg,data/images/toxicroak.jpg
sigilyph,sigilyph,data/raw_images/_extracted/images/Sigilyph/1.jpg,data/images/sigilyph.jpg
palkia,palkia,data/raw_images/_extracted/images/Palkia/2.jpg,data/images/palkia.jpg
mienshao,mienshao,data/raw_images/_extracted/images/Mienshao/1.jpg,data/images/mienshao.jpg
cherrim,cherrim,data/raw_images/_extracted/images/Cherrim/2.jpg,data/images/cherrim.jpg
unown,unown,data/raw_images/_extracted/images/Unown/4.jpg,data/images/unown.jpg
flabb,flabb,data/raw_images/_extracted/images/Flab├⌐b├⌐/4.jpg,data/images/flabb.jpg
corphish,corphish,data/raw_images/_extracted/images/Corphish/1.jpg,data/images/corphish.jpg
crawdaunt,crawdaunt,data/raw_images/_extracted/images/Crawdaunt/1.jpg,data/images/crawdaunt.jpg
patrat,patrat,data/raw_images/_extracted/images/Patrat/1.jpg,data/images/patrat.jpg
garchomp,garchomp,data/raw_images/_extracted/images/Garchomp/2.jpg,data/images/garchomp.jpg
bayleef,bayleef,data/raw_images/_extracted/images/Bayleef/2.jpg,data/images/bayleef.jpg
grumpig,grumpig,data/raw_images/_extracted/images/Grumpig/1.jpg,data/images/grumpig.jpg
pansear,pansear,data/raw_images/_extracted/images/Pansear/1.jpg,data/images/pansear.jpg
duskull,duskull,data/raw_images/_extracted/images/Duskull/1.jpg,data/images/duskull.jpg
prinplup,prinplup,data/raw_images/_extracted/images/Prinplup/1.jpg,data/images/prinplup.jpg
spinarak,spinarak,data/raw_images/_extracted/images/Spinarak/2.jpg,data/images/spinarak.jpg
lugia,lugia,data/raw_images/_extracted/images/Lugia/2.jpg,data/images/lugia.jpg
abra,abra,data/raw_images/_extracted/images/Abra/2.jpg,data/images/abra.jpg
combusken,combusken,data/raw_images/_extracted/images/Combusken/1.jpg,data/images/combusken.jpg
unfezant,unfezant,data/raw_images/_extracted/images/Unfezant/2.jpg,data/images/unfezant.jpg
golurk,golurk,data/raw_images/_extracted/images/Golurk/1.jpg,data/images/golurk.jpg
kingler,kingler,data/raw_images/_extracted/images/Kingler/4.jpg,data/images/kingler.jpg
alakazam,alakazam,data/raw_images/_extracted/images/Alakazam/4.jpg,data/images/alakazam.jpg
binacle,binacle,data/raw_images/_extracted/images/Binacle/1.jpg,data/images/binacle.jpg
clefable,clefable,data/raw_images/_extracted/images/Clefable/2.jpg,data/images/clefable.jpg
swellow,swellow,data/raw_images/_extracted/images/Swellow/1.jpg,data/images/swellow.jpg
heatran,heatran,data/raw_images/_extracted/images/Heatran/2.jpg,data/images/heatran.jpg
avalugg,avalugg,data/raw_images/_extracted/images/Avalugg/1.jpg,data/images/avalugg.jpg
salamence,salamence,data/raw_images/_extracted/images/Salamence/2.jpg,data/images/salamence.jpg
gyarados,gyarados,data/raw_images/_extracted/images/Gyarados/4.jpg,data/images/gyarados.jpg
stoutland,stoutland,data/raw_images/_extracted/images/Stoutland/1.jpg,data/images/stoutland.jpg
pelipper,pelipper,data/raw_images/_extracted/images/Pelipper/1.jpg,data/images/pelipper.jpg
escavalier,escavalier,data/raw_images/_extracted/images/Escavalier/1.jpg,data/images/escavalier.jpg
pignite,pignite,data/raw_images/_extracted/images/Pignite/1.jpg,data/images/pignite.jpg
aron,aron,data/raw_images/_extracted/images/Aron/1.jpg,data/images/aron.jpg
slurpuff,slurpuff,data/raw_images/_extracted/images/Slurpuff/1.jpg,data/images/slurpuff.jpg
cacturne,cacturne,data/raw_images/_extracted/images/Cacturne/1.jpg,data/images/cacturne.jpg
poliwag,poliwag,data/raw_images/_extracted/images/Poliwag/2.jpg,data/images/poliwag.jpg
excadrill,excadrill,data/raw_images/_extracted/images/Excadrill/1.jpg,data/images/excadrill.jpg
carbink,carbink,data/raw_images/_extracted/images/Carbink/1.jpg,data/images/carbink.jpg
probopass,probopass,data/raw_images/_extracted/images/Probopass/1.jpg,data/images/probopass.jpg
cresselia,cresselia,data/raw_images/_extracted/images/Cresselia/1.jpg,data/images/cresselia.jpg
shinx,shinx,data/raw_images/_extracted/images/Shinx/1.jpg,data/images/shinx.jpg
sewaddle,sewaddle,data/raw_images/_extracted/images/Sewaddle/1.jpg,data/images/sewaddle.jpg
doublade,doublade,data/raw_images/_extracted/images/Doublade/1.jpg,data/images/doublade.jpg
heatmor,heatmor,data/raw_images/_extracted/images/Heatmor/1.jpg,data/images/heatmor.jpg
emolga,emolga,data/raw_images/_extracted/images/Emolga/1.jpg,data/images/emolga.jpg
silcoon,silcoon,data/raw_images/_extracted/images/Silcoon/1.jpg,data/images/silcoon.jpg
loudred,loudred,data/raw_images/_extracted/images/Loudred/1.jpg,data/images/loudred.jpg
sawk,sawk,data/raw_images/_extracted/images/Sawk/1.jpg,data/images/sawk.jpg
hoppip,hoppip,data/raw_images/_extracted/images/Hoppip/2.jpg,data/images/hoppip.jpg
shelmet,shelmet,data/raw_images/_extracted/images/Shelmet/1.jpg,data/images/shelmet.jpg
watchog,watchog,data/raw_images/_extracted/images/Watchog/1.jpg,data/images/watchog.jpg
minun,minun,data/raw_images/_extracted/images/Minun/1.jpg,data/images/minun.jpg
rapidash,rapidash,data/raw_images/_extracted/images/Rapidash/4.jpg,data/images/rapidash.jpg
goodra,goodra,data/raw_images/_extracted/images/Goodra/1.jpg,data/images/goodra.jpg
carnivine,carnivine,data/raw_images/_extracted/images/Carnivine/1.jpg,data/images/carnivine.jpg
nosepass,nosepass,data/raw_images/_extracted/images/Nosepass/1.jpg,data/images/nosepass.jpg
numel,numel,data/raw_images/_extracted/images/Numel/1.jpg,data/images/numel.jpg
chespin,chespin,data/raw_images/_extracted/images/Chespin/1.jpg,data/images/chespin.jpg
wingull,wingull,data/raw_images/_extracted/images/Wingull/1.jpg,data/images/wingull.jpg
gardevoir,gardevoir,data/raw_images/_extracted/images/Gardevoir/2.jpg,data/images/gardevoir.jpg
machamp,machamp,data/raw_images/_extracted/images/Machamp/4.jpg,data/images/machamp.jpg
klefki,klefki,data/raw_images/_extracted/images/Klefki/1.jpg,data/images/klefki.jpg
pinsir,pinsir,data/raw_images/_extracted/images/Pinsir/4.jpg,data/images/pinsir.jpg
gible,gible,data/raw_images/_extracted/images/Gible/1.jpg,data/images/gible.jpg
seedot,seedot,data/raw_images/_extracted/images/Seedot/1.jpg,data/images/seedot.jpg
muk,muk,data/raw_images/_extracted/images/Muk/4.jpg,data/images/muk.jpg
sliggoo,sliggoo,data/raw_images/_extracted/images/Sliggoo/1.jpg,data/images/sliggoo.jpg
seaking,seaking,data/raw_images/_extracted/images/Seaking/2.jpg,data/images/seaking.jpg
magikarp,magikarp,data/raw_images/_extracted/images/Magikarp/2.jpg,data/images/magikarp.jpg
floatzel,floatzel,data/raw_images/_extracted/images/Floatzel/1.jpg,data/images/floatzel.jpg
phantump,phantump,data/raw_images/_extracted/images/Phantump/1.jpg,data/images/phantump.jpg
alomomola,alomomola,data/raw_images/_extracted/images/Alomomola/1.jpg,data/images/alomomola.jpg
staravia,staravia,data/raw_images/_extracted/images/Staravia/1.jpg,data/images/staravia.jpg
goldeen,goldeen,data/raw_images/_extracted/images/Goldeen/2.jpg,data/images/goldeen.jpg
eelektrik,eelektrik,data/raw_images/_extracted/images/Eelektrik/1.jpg,data/images/eelektrik.jpg
crobat,crobat,data/raw_images/_extracted/images/Crobat/2.jpg,data/images/crobat.jpg
venusaur,venusaur,data/raw_images/_extracted/images/Venusaur/4.jpg,data/images/venusaur.jpg
clamperl,clamperl,data/raw_images/_extracted/images/Clamperl/1.jpg,data/images/clamperl.jpg
gabite,gabite,data/raw_images/_extracted/images/Gabite/1.jpg,data/images/gabite.jpg
sylveon,sylveon,data/raw_images/_extracted/images/Sylveon/2.jpg,data/images/sylveon.jpg
scizor,scizor,data/raw_images/_extracted/images/Scizor/4.jpg,data/images/scizor.jpg
cherubi,cherubi,data/raw_images/_extracted/images/Cherubi/1.jpg,data/images/cherubi.jpg
shelgon,shelgon,data/raw_images/_extracted/images/Shelgon/1.jpg,data/images/shelgon.jpg
zangoose,zangoose,data/raw_images/_extracted/images/Zangoose/1.jpg,data/images/zangoose.jpg
flareon,flareon,data/raw_images/_extracted/images/Flareon/2.jpg,data/images/flareon.jpg
druddigon,druddigon,data/raw_images/_extracted/images/Druddigon/1.jpg,data/images/druddigon.jpg
clawitzer,clawitzer,data/raw_images/_extracted/images/Clawitzer/1.jpg,data/images/clawitzer.jpg
relicanth,relicanth,data/raw_images/_extracted/images/Relicanth/1.jpg,data/images/relicanth.jpg
typhlosion,typhlosion,data/raw_images/_extracted/images/Typhlosion/2.jpg,data/images/typhlosion.jpg
hydreigon,hydreigon,data/raw_images/_extracted/images/Hydreigon/1.jpg,data/images/hydreigon.jpg
jigglypuff,jigglypuff,data/raw_images/_extracted/images/Jigglypuff/2.jpg,data/images/jigglypuff.jpg
doduo,doduo,data/raw_images/_extracted/images/Doduo/2.jpg,data/images/doduo.jpg
reuniclus,reuniclus,data/raw_images/_extracted/images/Reuniclus/1.jpg,data/images/reuniclus.jpg
buizel,buizel,data/raw_images/_extracted/images/Buizel/1.jpg,data/images/buizel.jpg
weedle,weedle,data/raw_images/_extracted/images/Weedle/2.jpg,data/images/weedle.jpg
aipom,aipom,data/raw_images/_extracted/images/Aipom/2.jpg,data/images/aipom.jpg
pachirisu,pachirisu,data/raw_images/_extracted/images/Pachirisu/1.jpg,data/images/pachirisu.jpg
registeel,registeel,data/raw_images/_extracted/images/Registeel/1.jpg,data/images/registeel.jpg
galvantula,galvantula,data/raw_images/_extracted/images/Galvantula/1.jpg,data/images/galvantula.jpg
vileplume,vileplume,data/raw_images/_extracted/images/Vileplume/2.jpg,data/images/vileplume.jpg
togekiss,togekiss,data/raw_images/_extracted/images/Togekiss/1.jpg,data/images/togekiss.jpg
beldum,beldum,data/raw_images/_extracted/images/Beldum/2.jpg,data/images/beldum.jpg
shiftry,shiftry,data/raw_images/_extracted/images/Shiftry/1.jpg,data/images/shiftry.jpg
archeops,archeops,data/raw_images/_extracted/images/Archeops/1.jpg,data/images/archeops.jpg
skuntank,skuntank,data/raw_images/_extracted/images/Skuntank/1.jpg,data/images/skuntank.jpg
wailmer,wailmer,data/raw_images/_extracted/images/Wailmer/1.jpg,data/images/wailmer.jpg
arcanine,arcanine,data/raw_images/_extracted/images/Arcanine/2.jpg,data/images/arcanine.jpg
klinklang,klinklang,data/raw_images/_extracted/images/Klinklang/1.jpg,data/images/klinklang.jpg
tentacruel,tentacruel,data/raw_images/_extracted/images/Tentacruel/2.jpg,data/images/tentacruel.jpg
vigoroth,vigoroth,data/raw_images/_extracted/images/Vigoroth/1.jpg,data/images/vigoroth.jpg
krookodile,krookodile,data/raw_images/_extracted/images/Krookodile/1.jpg,data/images/krookodile.jpg
karrablast,karrablast,data/raw_images/_extracted/images/Karrablast/1.jpg,data/images/karrablast.jpg
lumineon,lumineon,data/raw_images/_extracted/images/Lumineon/1.jpg,data/images/lumineon.jpg
vivillon,vivillon,data/raw_images/_extracted/images/Vivillon/4.jpg,data/images/vivillon.jpg
volbeat,volbeat,data/raw_images/_extracted/images/Volbeat/1.jpg,data/images/volbeat.jpg
gloom,gloom,data/raw_images/_extracted/images/Gloom/2.jpg,data/images/gloom.jpg
charmeleon,charmeleon,data/raw_images/_extracted/images/Charmeleon/2.jpg,data/images/charmeleon.jpg
solosis,solosis,data/raw_images/_extracted/images/Solosis/1.jpg,data/images/solosis.jpg
articuno,articuno,data/raw_images/_extracted/images/Articuno/4.jpg,data/images/articuno.jpg
palpitoad,palpitoad,data/raw_images/_extracted/images/Palpitoad/1.jpg,data/images/palpitoad.jpg
ludicolo,ludicolo,data/raw_images/_extracted/images/Ludicolo/1.jpg,data/images/ludicolo.jpg
sandshrew,sandshrew,data/raw_images/_extracted/images/Sandshrew/4.jpg,data/images/sandshrew.jpg
spearow,spearow,data/raw_images/_extracted/images/Spearow/2.jpg,data/images/spearow.jpg
mimejr,mimejr,data/raw_images/_extracted/images/Mime Jr/1.jpg,data/images/mimejr.jpg
marowak,marowak,data/raw_images/_extracted/images/Marowak/4.jpg,data/images/marowak.jpg
burmy,burmy,data/raw_images/_extracted/images/Burmy/4.jpg,data/images/burmy.jpg
mantine,mantine,data/raw_images/_extracted/images/Mantine/2.jpg,data/images/mantine.jpg
pangoro,pangoro,data/raw_images/_extracted/images/Pangoro/1.jpg,data/images/pangoro.jpg
furret,furret,data/raw_images/_extracted/images/Furret/2.jpg,data/images/furret.jpg
florges,florges,data/raw_images/_extracted/images/Florges/4.jpg,data/images/florges.jpg
clefairy,clefairy,data/raw_images/_extracted/images/Clefairy/2.jpg,data/images/clefairy.jpg
carracosta,carracosta,data/raw_images/_extracted/images/Carracosta/1.jpg,data/images/carracosta.jpg
mrmime,mrmime,data/raw_images/_extracted/images/Mr. Mime/4.jpg,data/images/mrmime.jpg
snorlax,snorlax,data/raw_images/_extracted/images/Snorlax/4.jpg,data/images/snorlax.jpg
minccino,minccino,data/raw_images/_extracted/images/Minccino/1.jpg,data/images/minccino.jpg
serperior,serperior,data/raw_images/_extracted/images/Serperior/1.jpg,data/images/serperior.jpg
purugly,purugly,data/raw_images/_extracted/images/Purugly/1.jpg,data/images/purugly.jpg
hawlucha,hawlucha,data/raw_images/_extracted/images/Hawlucha/1.jpg,data/images/hawlucha.jpg
spoink,spoink,data/raw_images/_extracted/images/Spoink/1.jpg,data/images/spoink.jpg
glalie,glalie,data/raw_images/_extracted/images/Glalie/2.jpg,data/images/glalie.jpg
scyther,scyther,data/raw_images/_extracted/images/Scyther/2.jpg,data/images/scyther.jpg
primeape,primeape,data/raw_images/_extracted/images/Primeape/2.jpg,data/images/primeape.jpg
diglett,diglett,data/raw_images/_extracted/images/Diglett/4.jpg,data/images/diglett.jpg
basculin,basculin,data/raw_images/_extracted/images/Basculin/2.jpg,data/images/basculin.jpg
pupitar,pupitar,data/raw_images/_extracted/images/Pupitar/2.jpg,data/images/pupitar.jpg
rampardos,rampardos,data/raw_images/_extracted/images/Rampardos/1.jpg,data/images/rampardos.jpg
hariyama,hariyama,data/raw_images/_extracted/images/Hariyama/1.jpg,data/images/hariyama.jpg
mareep,mareep,data/raw_images/_extracted/images/Mareep/2.jpg,data/images/mareep.jpg
azumarill,azumarill,data/raw_images/_extracted/images/Azumarill/2.jpg,data/images/azumarill.jpg
sandile,sandile,data/raw_images/_extracted/images/Sandile/1.jpg,data/images/sandile.jpg
onix,onix,data/raw_images/_extracted/images/Onix/2.jpg,data/images/onix.jpg
mankey,mankey,data/raw_images/_extracted/images/Mankey/2.jpg,data/images/mankey.jpg
skitty,skitty,data/raw_images/_extracted/images/Skitty/1.jpg,data/images/skitty.jpg
scolipede,scolipede,data/raw_images/_extracted/images/Scolipede/1.jpg,data/images/scolipede.jpg
ariados,ariados,data/raw_images/_extracted/images/Ariados/2.jpg,data/images/ariados.jpg
rattata,rattata,data/raw_images/_extracted/images/Rattata/4.jpg,data/images/rattata.jpg
amaura,amaura,data/raw_images/_extracted/images/Amaura/1.jpg,data/images/amaura.jpg
blissey,blissey,data/raw_images/_extracted/images/Blissey/2.jpg,data/images/blissey.jpg
panpour,panpour,data/raw_images/_extracted/images/Panpour/1.jpg,data/images/panpour.jpg
wobbuffet,wobbuffet,data/raw_images/_extracted/images/Wobbuffet/2.jpg,data/images/wobbuffet.jpg
castform,castform,data/raw_images/_extracted/images/Castform/4.jpg,data/images/castform.jpg
fletchling,fletchling,data/raw_images/_extracted/images/Fletchling/1.jpg,data/images/fletchling.jpg
voltorb,voltorb,data/raw_images/_extracted/images/Voltorb/2.jpg,data/images/voltorb.jpg
seismitoad,seismitoad,data/raw_images/_extracted/images/Seismitoad/1.jpg,data/images/seismitoad.jpg
gengar,gengar,data/raw_images/_extracted/images/Gengar/4.jpg,data/images/gengar.jpg
metagross,metagross,data/raw_images/_extracted/images/Metagross/4.jpg,data/images/metagross.jpg
pancham,pancham,data/raw_images/_extracted/images/Pancham/1.jpg,data/images/pancham.jpg
surskit,surskit,data/raw_images/_extracted/images/Surskit/1.jpg,data/images/surskit.jpg
miltank,miltank,data/raw_images/_extracted/images/Miltank/2.jpg,data/images/miltank.jpg
altaria,altaria,data/raw_images/_extracted/images/Altaria/2.jpg,data/images/altaria.jpg
gastly,gastly,data/raw_images/_extracted/images/Gastly/2.jpg,data/images/gastly.jpg
virizion,virizion,data/raw_images/_extracted/images/Virizion/1.jpg,data/images/virizion.jpg
camerupt,camerupt,data/raw_images/_extracted/images/Camerupt/2.jpg,data/images/camerupt.jpg
spinda,spinda,data/raw_images/_extracted/images/Spinda/1.jpg,data/images/spinda.jpg
piplup,piplup,data/raw_images/_extracted/images/Piplup/2.jpg,data/images/piplup.jpg
dewott,dewott,data/raw_images/_extracted/images/Dewott/1.jpg,data/images/dewott.jpg
grovyle,grovyle,data/raw_images/_extracted/images/Grovyle/1.jpg,data/images/grovyle.jpg
whiscash,whiscash,data/raw_images/_extracted/images/Whiscash/1.jpg,data/images/whiscash.jpg
emboar,emboar,data/raw_images/_extracted/images/Emboar/1.jpg,data/images/emboar.jpg
diggersby,diggersby,data/raw_images/_extracted/images/Diggersby/1.jpg,data/images/diggersby.jpg
goomy,goomy,data/raw_images/_extracted/images/Goomy/1.jpg,data/images/goomy.jpg
cloyster,cloyster,data/raw_images/_extracted/images/Cloyster/2.jpg,data/images/cloyster.jpg
weepinbell,weepinbell,data/raw_images/_extracted/images/Weepinbell/2.jpg,data/images/weepinbell.jpg
luxio,luxio,data/raw_images/_extracted/images/Luxio/1.jpg,data/images/luxio.jpg
jellicent,jellicent,data/raw_images/_extracted/images/Jellicent/2.jpg,data/images/jellicent.jpg
qwilfish,qwilfish,data/raw_images/_extracted/images/Qwilfish/2.jpg,data/images/qwilfish.jpg
cryogonal,cryogonal,data/raw_images/_extracted/images/Cryogonal/1.jpg,data/images/cryogonal.jpg
garbodor,garbodor,data/raw_images/_extracted/images/Garbodor/2.jpg,data/images/garbodor.jpg
weavile,weavile,data/raw_images/_extracted/images/Weavile/1.jpg,data/images/weavile.jpg
dragonair,dragonair,data/raw_images/_extracted/images/Dragonair/2.jpg,data/images/dragonair.jpg
taillow,taillow,data/raw_images/_extracted/images/Taillow/1.jpg,data/images/taillow.jpg
frogadier,frogadier,data/raw_images/_extracted/images/Frogadier/1.jpg,data/images/frogadier.jpg
squirtle,squirtle,data/raw_images/_extracted/images/Squirtle/2.jpg,data/images/squirtle.jpg
lopunny,lopunny,data/raw_images/_extracted/images/Lopunny/2.jpg,data/images/lopunny.jpg
porygonz,porygonz,data/raw_images/_extracted/images/Porygon-Z/1.jpg,data/images/porygonz.jpg
lotad,lotad,data/raw_images/_extracted/images/Lotad/1.jpg,data/images/lotad.jpg
cacnea,cacnea,data/raw_images/_extracted/images/Cacnea/1.jpg,data/images/cacnea.jpg
noivern,noivern,data/raw_images/_extracted/images/Noivern/1.jpg,data/images/noivern.jpg
floette,floette,data/raw_images/_extracted/images/Floette/4.jpg,data/images/floette.jpg
finneon,finneon,data/raw_images/_extracted/images/Finneon/1.jpg,data/images/finneon.jpg
pikachu,pikachu,data/raw_images/_extracted/images/Pikachu/4.jpg,data/images/pikachu.jpg
granbull,granbull,data/raw_images/_extracted/images/Granbull/2.jpg,data/images/granbull.jpg
gligar,gligar,data/raw_images/_extracted/images/Gligar/2.jpg,data/images/gligar.jpg
dedenne,dedenne,data/raw_images/_extracted/images/Dedenne/1.jpg,data/images/dedenne.jpg
ursaring,ursaring,data/raw_images/_extracted/images/Ursaring/2.jpg,data/images/ursaring.jpg
victreebel,victreebel,data/raw_images/_extracted/images/Victreebel/2.jpg,data/images/victreebel.jpg
braixen,braixen,data/raw_images/_extracted/images/Braixen/1.jpg,data/images/braixen.jpg
mantyke,mantyke,data/raw_images/_extracted/images/Mantyke/1.jpg,data/images/mantyke.jpg
mienfoo,mienfoo,data/raw_images/_extracted/images/Mienfoo/1.jpg,data/images/mienfoo.jpg
entei,entei,data/raw_images/_extracted/images/Entei/2.jpg,data/images/entei.jpg
furfrou,furfrou,data/raw_images/_extracted/images/Furfrou/4.jpg,data/images/furfrou.jpg
deerling,deerling,data/raw_images/_extracted/images/Deerling/4.jpg,data/images/deerling.jpg
magmortar,magmortar,data/raw_images/_extracted/images/Magmortar/1.jpg,data/images/magmortar.jpg
charmander,charmander,data/raw_images/_extracted/images/Charmander/2.jpg,data/images/charmander.jpg
staryu,staryu,data/raw_images/_extracted/images/Staryu/2.jpg,data/images/staryu.jpg
togetic,togetic,data/raw_images/_extracted/images/Togetic/2.jpg,data/images/togetic.jpg
cradily,cradily,data/raw_images/_extracted/images/Cradily/1.jpg,data/images/cradily.jpg
rufflet,rufflet,data/raw_images/_extracted/images/Rufflet/1.jpg,data/images/rufflet.jpg
zebstrika,zebstrika,data/raw_images/_extracted/images/Zebstrika/1.jpg,data/images/zebstrika.jpg
bonsly,bonsly,data/raw_images/_extracted/images/Bonsly/1.jpg,data/images/bonsly.jpg
lileep,lileep,data/raw_images/_extracted/images/Lileep/1.jpg,data/images/lileep.jpg
rhyperior,rhyperior,data/raw_images/_extracted/images/Rhyperior/1.jpg,data/images/rhyperior.jpg
beheeyem,beheeyem,data/raw_images/_extracted/images/Beheeyem/1.jpg,data/images/beheeyem.jpg
sharpedo,sharpedo,data/raw_images/_extracted/images/Sharpedo/2.jpg,data/images/sharpedo.jpg
mamoswine,mamoswine,data/raw_images/_extracted/images/Mamoswine/1.jpg,data/images/mamoswine.jpg
venonat,venonat,data/raw_images/_extracted/images/Venonat/2.jpg,data/images/venonat.jpg
shuckle,shuckle,data/raw_images/_extracted/images/Shuckle/2.jpg,data/images/shuckle.jpg
bunnelby,bunnelby,data/raw_images/_extracted/images/Bunnelby/1.jpg,data/images/bunnelby.jpg
delphox,delphox,data/raw_images/_extracted/images/Delphox/1.jpg,data/images/delphox.jpg
suicune,suicune,data/raw_images/_extracted/images/Suicune/2.jpg,data/images/suicune.jpg
vaporeon,vaporeon,data/raw_images/_extracted/images/Vaporeon/2.jpg,data/images/vaporeon.jpg
ninjask,ninjask,data/raw_images/_extracted/images/Ninjask/1.jpg,data/images/ninjask.jpg
piloswine,piloswine,data/raw_images/_extracted/images/Piloswine/2.jpg,data/images/piloswine.jpg
hippowdon,hippowdon,data/raw_images/_extracted/images/Hippowdon/1.jpg,data/images/hippowdon.jpg
stunky,stunky,data/raw_images/_extracted/images/Stunky/1.jpg,data/images/stunky.jpg
ivysaur,ivysaur,data/raw_images/_extracted/images/Ivysaur/2.jpg,data/images/ivysaur.jpg
zekrom,zekrom,data/raw_images/_extracted/images/Zekrom/2.jpg,data/images/zekrom.jpg
krabby,krabby,data/raw_images/_extracted/images/Krabby/2.jpg,data/images/krabby.jpg
stantler,stantler,data/raw_images/_extracted/images/Stantler/2.jpg,data/images/stantler.jpg
grotle,grotle,data/raw_images/_extracted/images/Grotle/1.jpg,data/images/grotle.jpg
duosion,duosion,data/raw_images/_extracted/images/Duosion/1.jpg,data/images/duosion.jpg
chingling,chingling,data/raw_images/_extracted/images/Chingling/1.jpg,data/images/chingling.jpg
teddiursa,teddiursa,data/raw_images/_extracted/images/Teddiursa/2.jpg,data/images/teddiursa.jpg
drowzee,drowzee,data/raw_images/_extracted/images/Drowzee/2.jpg,data/images/drowzee.jpg
abomasnow,abomasnow,data/raw_images/_extracted/images/Abomasnow/2.jpg,data/images/abomasnow.jpg
sandslash,sandslash,data/raw_images/_extracted/images/Sandslash/2.jpg,data/images/sandslash.jpg
bisharp,bisharp,data/raw_images/_extracted/images/Bisharp/1.jpg,data/images/bisharp.jpg
tyrogue,tyrogue,data/raw_images/_extracted/images/Tyrogue/2.jpg,data/images/tyrogue.jpg
marshtomp,marshtomp,data/raw_images/_extracted/images/Marshtomp/1.jpg,data/images/marshtomp.jpg
boldore,boldore,data/raw_images/_extracted/images/Boldore/1.jpg,data/images/boldore.jpg
heliolisk,heliolisk,data/raw_images/_extracted/images/Heliolisk/1.jpg,data/images/heliolisk.jpg
girafarig,girafarig,data/raw_images/_extracted/images/Girafarig/2.jpg,data/images/girafarig.jpg
chesnaught,chesnaught,data/raw_images/_extracted/images/Chesnaught/1.jpg,data/images/chesnaught.jpg
banette,banette,data/raw_images/_extracted/images/Banette/2.jpg,data/images/banette.jpg
claydol,claydol,data/raw_images/_extracted/images/Claydol/1.jpg,data/images/claydol.jpg
kangaskhan,kangaskhan,data/raw_images/_extracted/images/Kangaskhan/4.jpg,data/images/kangaskhan.jpg
raikou,raikou,data/raw_images/_extracted/images/Raikou/2.jpg,data/images/raikou.jpg
ferroseed,ferroseed,data/raw_images/_extracted/images/Ferroseed/1.jpg,data/images/ferroseed.jpg
totodile,totodile,data/raw_images/_extracted/images/Totodile/2.jpg,data/images/totodile.jpg
cinccino,cinccino,data/raw_images/_extracted/images/Cinccino/1.jpg,data/images/cinccino.jpg
noctowl,noctowl,data/raw_images/_extracted/images/Noctowl/2.jpg,data/images/noctowl.jpg
treecko,treecko,data/raw_images/_extracted/images/Treecko/2.jpg,data/images/treecko.jpg
chansey,chansey,data/raw_images/_extracted/images/Chansey/2.jpg,data/images/chansey.jpg
butterfree,butterfree,data/raw_images/_extracted/images/Butterfree/4.jpg,data/images/butterfree.jpg
eelektross,eelektross,data/raw_images/_extracted/images/Eelektross/1.jpg,data/images/eelektross.jpg
vullaby,vullaby,data/raw_images/_extracted/images/Vullaby/1.jpg,data/images/vullaby.jpg
kricketune,kricketune,data/raw_images/_extracted/images/Kricketune/1.jpg,data/images/kricketune.jpg
dialga,dialga,data/raw_images/_extracted/images/Dialga/2.jpg,data/images/dialga.jpg
krokorok,krokorok,data/raw_images/_extracted/images/Krokorok/1.jpg,data/images/krokorok.jpg
ledian,ledian,data/raw_images/_extracted/images/Ledian/2.jpg,data/images/ledian.jpg
tyrunt,tyrunt,data/raw_images/_extracted/images/Tyrunt/1.jpg,data/images/tyrunt.jpg
trapinch,trapinch,data/raw_images/_extracted/images/Trapinch/1.jpg,data/images/trapinch.jpg
ambipom,ambipom,data/raw_images/_extracted/images/Ambipom/1.jpg,data/images/ambipom.jpg
aurorus,aurorus,data/raw_images/_extracted/images/Aurorus/1.jpg,data/images/aurorus.jpg
beautifly,beautifly,data/raw_images/_extracted/images/Beautifly/1.jpg,data/images/beautifly.jpg
starmie,starmie,data/raw_images/_extracted/images/Starmie/2.jpg,data/images/starmie.jpg
timburr,timburr,data/raw_images/_extracted/images/Timburr/1.jpg,data/images/timburr.jpg
shedinja,shedinja,data/raw_images/_extracted/images/Shedinja/1.jpg,data/images/shedinja.jpg
cyndaquil,cyndaquil,data/raw_images/_extracted/images/Cyndaquil/2.jpg,data/images/cyndaquil.jpg
foongus,foongus,data/raw_images/_extracted/images/Foongus/1.jpg,data/images/foongus.jpg
scrafty,scrafty,data/raw_images/_extracted/images/Scrafty/1.jpg,data/images/scrafty.jpg
natu,natu,data/raw_images/_extracted/images/Natu/2.jpg,data/images/natu.jpg
swablu,swablu,data/raw_images/_extracted/images/Swablu/1.jpg,data/images/swablu.jpg
fraxure,fraxure,data/raw_images/_extracted/images/Fraxure/1.jpg,data/images/fraxure.jpg
darkrai,darkrai,data/raw_images/_extracted/images/Darkrai/1.jpg,data/images/darkrai.jpg
makuhita,makuhita,data/raw_images/_extracted/images/Makuhita/1.jpg,data/images/makuhita.jpg
sceptile,sceptile,data/raw_images/_extracted/images/Sceptile/2.jpg,data/images/sceptile.jpg
slaking,slaking,data/raw_images/_extracted/images/Slaking/1.jpg,data/images/slaking.jpg
torchic,torchic,data/raw_images/_extracted/images/Torchic/2.jpg,data/images/torchic.jpg
trubbish,trubbish,data/raw_images/_extracted/images/Trubbish/1.jpg,data/images/trubbish.jpg
pawniard,pawniard,data/raw_images/_extracted/images/Pawniard/1.jpg,data/images/pawniard.jpg
gorebyss,gorebyss,data/raw_images/_extracted/images/Gorebyss/1.jpg,data/images/gorebyss.jpg
quilladin,quilladin,data/raw_images/_extracted/images/Quilladin/1.jpg,data/images/quilladin.jpg
arceus,arceus,data/raw_images/_extracted/images/Arceus/4.jpg,data/images/arceus.jpg
flaaffy,flaaffy,data/raw_images/_extracted/images/Flaaffy/2.jpg,data/images/flaaffy.jpg
pidove,pidove,data/raw_images/_extracted/images/Pidove/1.jpg,data/images/pidove.jpg
empoleon,empoleon,data/raw_images/_extracted/images/Empoleon/1.jpg,data/images/empoleon.jpg
manaphy,manaphy,data/raw_images/_extracted/images/Manaphy/1.jpg,data/images/manaphy.jpg
munchlax,munchlax,data/raw_images/_extracted/images/Munchlax/1.jpg,data/images/munchlax.jpg
honchkrow,honchkrow,data/raw_images/_extracted/images/Honchkrow/1.jpg,data/images/honchkrow.jpg
magmar,magmar,data/raw_images/_extracted/images/Magmar/2.jpg,data/images/magmar.jpg
electrike,electrike,data/raw_images/_extracted/images/Electrike/1.jpg,data/images/electrike.jpg
beedrill,beedrill,data/raw_images/_extracted/images/Beedrill/4.jpg,data/images/beedrill.jpg
celebi,celebi,data/raw_images/_extracted/images/Celebi/2.jpg,data/images/celebi.jpg
scraggy,scraggy,data/raw_images/_extracted/images/Scraggy/1.jpg,data/images/scraggy.jpg
liepard,liepard,data/raw_images/_extracted/images/Liepard/1.jpg,data/images/liepard.jpg
jumpluff,jumpluff,data/raw_images/_extracted/images/Jumpluff/2.jpg,data/images/jumpluff.jpg
ninetales,ninetales,data/raw_images/_extracted/images/Ninetales/4.jpg,data/images/ninetales.jpg
magnemite,magnemite,data/raw_images/_extracted/images/Magnemite/2.jpg,data/images/magnemite.jpg
octillery,octillery,data/raw_images/_extracted/images/Octillery/2.jpg,data/images/octillery.jpg
cranidos,cranidos,data/raw_images/_extracted/images/Cranidos/1.jpg,data/images/cranidos.jpg
dwebble,dwebble,data/raw_images/_extracted/images/Dwebble/1.jpg,data/images/dwebble.jpg
yanma,yanma,data/raw_images/_extracted/images/Yanma/2.jpg,data/images/yanma.jpg
bellossom,bellossom,data/raw_images/_extracted/images/Bellossom/2.jpg,data/images/bellossom.jpg
metapod,metapod,data/raw_images/_extracted/images/Metapod/2.jpg,data/images/metapod.jpg
electrode,electrode,data/raw_images/_extracted/images/Electrode/2.jpg,data/images/electrode.jpg
lickilicky,lickilicky,data/raw_images/_extracted/images/Lickilicky/1.jpg,data/images/lickilicky.jpg
golett,golett,data/raw_images/_extracted/images/Golett/1.jpg,data/images/golett.jpg
ampharos,ampharos,data/raw_images/_extracted/images/Ampharos/4.jpg,data/images/ampharos.jpg
chinchou,chinchou,data/raw_images/_extracted/images/Chinchou/2.jpg,data/images/chinchou.jpg
smoochum,smoochum,data/raw_images/_extracted/images/Smoochum/2.jpg,data/images/smoochum.jpg
magcargo,magcargo,data/raw_images/_extracted/images/Magcargo/2.jpg,data/images/magcargo.jpg
misdreavus,misdreavus,data/raw_images/_extracted/images/Misdreavus/2.jpg,data/images/misdreavus.jpg
larvitar,larvitar,data/raw_images/_extracted/images/Larvitar/2.jpg,data/images/larvitar.jpg
raichu,raichu,data/raw_images/_extracted/images/Raichu/4.jpg,data/images/raichu.jpg
bergmite,bergmite,data/raw_images/_extracted/images/Bergmite/1.jpg,data/images/bergmite.jpg
fearow,fearow,data/raw_images/_extracted/images/Fearow/2.jpg,data/images/fearow.jpg
petilil,petilil,data/raw_images/_extracted/images/Petilil/1.jpg,data/images/petilil.jpg
mewtwo,mewtwo,data/raw_images/_extracted/images/Mewtwo/4.jpg,data/images/mewtwo.jpg
regice,regice,data/raw_images/_extracted/images/Regice/1.jpg,data/images/regice.jpg
kabuto,kabuto,data/raw_images/_extracted/images/Kabuto/2.jpg,data/images/kabuto.jpg
pidgeotto,pidgeotto,data/raw_images/_extracted/images/Pidgeotto/2.jpg,data/images/pidgeotto.jpg
hitmonchan,hitmonchan,data/raw_images/_extracted/images/Hitmonchan/2.jpg,data/images/hitmonchan.jpg
darumaka,darumaka,data/raw_images/_extracted/images/Darumaka/2.jpg,data/images/darumaka.jpg
zoroark,zoroark,data/raw_images/_extracted/images/Zoroark/1.jpg,data/images/zoroark.jpg
durant,durant,data/raw_images/_extracted/images/Durant/1.jpg,data/images/durant.jpg
blastoise,blastoise,data/raw_images/_extracted/images/Blastoise/4.jpg,data/images/blastoise.jpg
spewpa,spewpa,data/raw_images/_extracted/images/Spewpa/1.jpg,data/images/spewpa.jpg
weezing,weezing,data/raw_images/_extracted/images/Weezing/4.jpg,data/images/weezing.jpg
croconaw,croconaw,data/raw_images/_extracted/images/Croconaw/2.jpg,data/images/croconaw.jpg
golbat,golbat,data/raw_images/_extracted/images/Golbat/2.jpg,data/images/golbat.jpg
clauncher,clauncher,data/raw_images/_extracted/images/Clauncher/1.jpg,data/images/clauncher.jpg
seadra,seadra,data/raw_images/_extracted/images/Seadra/2.jpg,data/images/seadra.jpg
lombre,lombre,data/raw_images/_extracted/images/Lombre/1.jpg,data/images/lombre.jpg
rhyhorn,rhyhorn,data/raw_images/_extracted/images/Rhyhorn/2.jpg,data/images/rhyhorn.jpg
budew,budew,data/raw_images/_extracted/images/Budew/1.jpg,data/images/budew.jpg
yveltal,yveltal,data/raw_images/_extracted/images/Yveltal/4.jpg,data/images/yveltal.jpg
bronzong,bronzong,data/raw_images/_extracted/images/Bronzong/1.jpg,data/images/bronzong.jpg
swirlix,swirlix,data/raw_images/_extracted/images/Swirlix/2.jpg,data/images/swirlix.jpg
moltres,moltres,data/raw_images/_extracted/images/Moltres/4.jpg,data/images/moltres.jpg
golduck,golduck,data/raw_images/_extracted/images/Golduck/2.jpg,data/images/golduck.jpg
mudkip,mudkip,data/raw_images/_extracted/images/Mudkip/2.jpg,data/images/mudkip.jpg
snover,snover,data/raw_images/_extracted/images/Snover/1.jpg,data/images/snover.jpg
tyranitar,tyranitar,data/raw_images/_extracted/images/Tyranitar/4.jpg,data/images/tyranitar.jpg
herdier,herdier,data/raw_images/_extracted/images/Herdier/1.jpg,data/images/herdier.jpg
kabutops,kabutops,data/raw_images/_extracted/images/Kabutops/2.jpg,data/images/kabutops.jpg
aerodactyl,aerodactyl,data/raw_images/_extracted/images/Aerodactyl/4.jpg,data/images/aerodactyl.jpg
volcarona,volcarona,data/raw_images/_extracted/images/Volcarona/1.jpg,data/images/volcarona.jpg
swalot,swalot,data/raw_images/_extracted/images/Swalot/1.jpg,data/images/swalot.jpg
smeargle,smeargle,data/raw_images/_extracted/images/Smeargle/2.jpg,data/images/smeargle.jpg
kirlia,kirlia,data/raw_images/_extracted/images/Kirlia/1.jpg,data/images/kirlia.jpg
haunter,haunter,data/raw_images/_extracted/images/Haunter/2.jpg,data/images/haunter.jpg
spritzee,spritzee,data/raw_images/_extracted/images/Spritzee/1.jpg,data/images/spritzee.jpg
wooper,wooper,data/raw_images/_extracted/images/Wooper/2.jpg,data/images/wooper.jpg
mesprit,mesprit,data/raw_images/_extracted/images/Mesprit/1.jpg,data/images/mesprit.jpg
staraptor,staraptor,data/raw_images/_extracted/images/Staraptor/1.jpg,data/images/staraptor.jpg
torterra,torterra,data/raw_images/_extracted/images/Torterra/1.jpg,data/images/torterra.jpg
xerneas,xerneas,data/raw_images/_extracted/images/Xerneas/4.jpg,data/images/xerneas.jpg
spheal,spheal,data/raw_images/_extracted/images/Spheal/1.jpg,data/images/spheal.jpg
bastiodon,bastiodon,data/raw_images/_extracted/images/Bastiodon/1.jpg,data/images/bastiodon.jpg
simisear,simisear,data/raw_images/_extracted/images/Simisear/1.jpg,data/images/simisear.jpg
genesect,genesect,data/raw_images/_extracted/images/Genesect/4.jpg,data/images/genesect.jpg
remoraid,remoraid,data/raw_images/_extracted/images/Remoraid/2.jpg,data/images/remoraid.jpg
magnezone,magnezone,data/raw_images/_extracted/images/Magnezone/1.jpg,data/images/magnezone.jpg
sudowoodo,sudowoodo,data/raw_images/_extracted/images/Sudowoodo/2.jpg,data/images/sudowoodo.jpg
machop,machop,data/raw_images/_extracted/images/Machop/2.jpg,data/images/machop.jpg
tranquill,tranquill,data/raw_images/_extracted/images/Tranquill/1.jpg,data/images/tranquill.jpg
roserade,roserade,data/raw_images/_extracted/images/Roserade/1.jpg,data/images/roserade.jpg
espeon,espeon,data/raw_images/_extracted/images/Espeon/2.jpg,data/images/espeon.jpg
koffing,koffing,data/raw_images/_extracted/images/Koffing/2.jpg,data/images/koffing.jpg
vanilluxe,vanilluxe,data/raw_images/_extracted/images/Vanilluxe/1.jpg,data/images/vanilluxe.jpg
pidgeot,pidgeot,data/raw_images/_extracted/images/Pidgeot/4.jpg,data/images/pidgeot.jpg
wigglytuff,wigglytuff,data/raw_images/_extracted/images/Wigglytuff/2.jpg,data/images/wigglytuff.jpg
blaziken,blaziken,data/raw_images/_extracted/images/Blaziken/2.jpg,data/images/blaziken.jpg
uxie,uxie,data/raw_images/_extracted/images/Uxie/1.jpg,data/images/uxie.jpg
oshawott,oshawott,data/raw_images/_extracted/images/Oshawott/2.jpg,data/images/oshawott.jpg
porygon,porygon,data/raw_images/_extracted/images/Porygon/2.jpg,data/images/porygon.jpg
walrein,walrein,data/raw_images/_extracted/images/Walrein/1.jpg,data/images/walrein.jpg
tangrowth,tangrowth,data/raw_images/_extracted/images/Tangrowth/1.jpg,data/images/tangrowth.jpg
bibarel,bibarel,data/raw_images/_extracted/images/Bibarel/1.jpg,data/images/bibarel.jpg
mothim,mothim,data/raw_images/_extracted/images/Mothim/1.jpg,data/images/mothim.jpg
conkeldurr,conkeldurr,data/raw_images/_extracted/images/Conkeldurr/1.jpg,data/images/conkeldurr.jpg
vulpix,vulpix,data/raw_images/_extracted/images/Vulpix/2.jpg,data/images/vulpix.jpg
dugtrio,dugtrio,data/raw_images/_extracted/images/Dugtrio/4.jpg,data/images/dugtrio.jpg
barbaracle,barbaracle,data/raw_images/_extracted/images/Barbaracle/1.jpg,data/images/barbaracle.jpg
gastrodon,gastrodon,data/raw_images/_extracted/images/Gastrodon/2.jpg,data/images/gastrodon.jpg
swadloon,swadloon,data/raw_images/_extracted/images/Swadloon/1.jpg,data/images/swadloon.jpg
sentret,sentret,data/raw_images/_extracted/images/Sentret/2.jpg,data/images/sentret.jpg
buneary,buneary,data/raw_images/_extracted/images/Buneary/1.jpg,data/images/buneary.jpg
ditto,ditto,data/raw_images/_extracted/images/Ditto/2.jpg,data/images/ditto.jpg
raticate,raticate,data/raw_images/_extracted/images/Raticate/4.jpg,data/images/raticate.jpg
sunkern,sunkern,data/raw_images/_extracted/images/Sunkern/2.jpg,data/images/sunkern.jpg
skiddo,skiddo,data/raw_images/_extracted/images/Skiddo/1.jpg,data/images/skiddo.jpg
trevenant,trevenant,data/raw_images/_extracted/images/Trevenant/1.jpg,data/images/trevenant.jpg
sealeo,sealeo,data/raw_images/_extracted/images/Sealeo/1.jpg,data/images/sealeo.jpg
geodude,geodude,data/raw_images/_extracted/images/Geodude/4.jpg,data/images/geodude.jpg
bidoof,bidoof,data/raw_images/_extracted/images/Bidoof/1.jpg,data/images/bidoof.jpg
litleo,litleo,data/raw_images/_extracted/images/Litleo/1.jpg,data/images/litleo.jpg
victini,victini,data/raw_images/_extracted/images/Victini/1.jpg,data/images/victini.jpg
corsola,corsola,data/raw_images/_extracted/images/Corsola/2.jpg,data/images/corsola.jpg
mismagius,mismagius,data/raw_images/_extracted/images/Mismagius/1.jpg,data/images/mismagius.jpg
venipede,venipede,data/raw_images/_extracted/images/Venipede/1.jpg,data/images/venipede.jpg
tentacool,tentacool,data/raw_images/_extracted/images/Tentacool/2.jpg,data/images/tentacool.jpg
skorupi,skorupi,data/raw_images/_extracted/images/Skorupi/1.jpg,data/images/skorupi.jpg
horsea,horsea,data/raw_images/_extracted/images/Horsea/2.jpg,data/images/horsea.jpg
oddish,oddish,data/raw_images/_extracted/images/Oddish/2.jpg,data/images/oddish.jpg
starly,starly,data/raw_images/_extracted/images/Starly/1.jpg,data/images/starly.jpg
flygon,flygon,data/raw_images/_extracted/images/Flygon/1.jpg,data/images/flygon.jpg
snorunt,snorunt,data/raw_images/_extracted/images/Snorunt/1.jpg,data/images/snorunt.jpg
machoke,machoke,data/raw_images/_extracted/images/Machoke/2.jpg,data/images/machoke.jpg
aggron,aggron,data/raw_images/_extracted/images/Aggron/2.jpg,data/images/aggron.jpg
azelf,azelf,data/raw_images/_extracted/images/Azelf/1.jpg,data/images/azelf.jpg
lapras,lapras,data/raw_images/_extracted/images/Lapras/4.jpg,data/images/lapras.jpg
hippopotas,hippopotas,data/raw_images/_extracted/images/Hippopotas/1.jpg,data/images/hippopotas.jpg
elgyem,elgyem,data/raw_images/_extracted/images/Elgyem/1.jpg,data/images/elgyem.jpg
whirlipede,whirlipede,data/raw_images/_extracted/images/Whirlipede/1.jpg,data/images/whirlipede.jpg
poliwrath,poliwrath,data/raw_images/_extracted/images/Poliwrath/2.jpg,data/images/poliwrath.jpg
cubchoo,cubchoo,data/raw_images/_extracted/images/Cubchoo/1.jpg,data/images/cubchoo.jpg
delibird,delibird,data/raw_images/_extracted/images/Delibird/2.jpg,data/images/delibird.jpg
omastar,omastar,data/raw_images/_extracted/images/Omastar/2.jpg,data/images/omastar.jpg
fennekin,fennekin,data/raw_images/_extracted/images/Fennekin/1.jpg,data/images/fennekin.jpg
heracross,heracross,data/raw_images/_extracted/images/Heracross/4.jpg,data/images/heracross.jpg
nuzleaf,nuzleaf,data/raw_images/_extracted/images/Nuzleaf/1.jpg,data/images/nuzleaf.jpg
slowpoke,slowpoke,data/raw_images/_extracted/images/Slowpoke/4.jpg,data/images/slowpoke.jpg
tropius,tropius,data/raw_images/_extracted/images/Tropius/1.jpg,data/images/tropius.jpg
scatterbug,scatterbug,data/raw_images/_extracted/images/Scatterbug/1.jpg,data/images/scatterbug.jpg
servine,servine,data/raw_images/_extracted/images/Servine/1.jpg,data/images/servine.jpg
bulbasaur,bulbasaur,data/raw_images/_extracted/images/Bulbasaur/2.jpg,data/images/bulbasaur.jpg
axew,axew,data/raw_images/_extracted/images/Axew/1.jpg,data/images/axew.jpg
simisage,simisage,data/raw_images/_extracted/images/Simisage/1.jpg,data/images/simisage.jpg
luxray,luxray,data/raw_images/_extracted/images/Luxray/1.jpg,data/images/luxray.jpg
espurr,espurr,data/raw_images/_extracted/images/Espurr/1.jpg,data/images/espurr.jpg
growlithe,growlithe,data/raw_images/_extracted/images/Growlithe/2.jpg,data/images/growlithe.jpg
torkoal,torkoal,data/raw_images/_extracted/images/Torkoal/1.jpg,data/images/torkoal.jpg
houndoom,houndoom,data/raw_images/_extracted/images/Houndoom/4.jpg,data/images/houndoom.jpg
aromatisse,aromatisse,data/raw_images/_extracted/images/Aromatisse/1.jpg,data/images/aromatisse.jpg
gulpin,gulpin,data/raw_images/_extracted/images/Gulpin/1.jpg,data/images/gulpin.jpg
dustox,dustox,data/raw_images/_extracted/images/Dustox/1.jpg,data/images/dustox.jpg
gogoat,gogoat,data/raw_images/_extracted/images/Gogoat/1.jpg,data/images/gogoat.jpg
latios,latios,data/raw_images/_extracted/images/Latios/4.jpg,data/images/latios.jpg
milotic,milotic,data/raw_images/_extracted/images/Milotic/1.jpg,data/images/milotic.jpg
hoothoot,hoothoot,data/raw_images/_extracted/images/Hoothoot/2.jpg,data/images/hoothoot.jpg
ponyta,ponyta,data/raw_images/_extracted/images/Ponyta/4.jpg,data/images/ponyta.jpg
parasect,parasect,data/raw_images/_extracted/images/Parasect/2.jpg,data/images/parasect.jpg
azurill,azurill,data/raw_images/_extracted/images/Azurill/1.jpg,data/images/azurill.jpg
manectric,manectric,data/raw_images/_extracted/images/Manectric/2.jpg,data/images/manectric.jpg
tepig,tepig,data/raw_images/_extracted/images/Tepig/2.jpg,data/images/tepig.jpg
dodrio,dodrio,data/raw_images/_extracted/images/Dodrio/2.jpg,data/images/dodrio.jpg
meowth,meowth,data/raw_images/_extracted/images/Meowth/4.jpg,data/images/meowth.jpg
fletchinder,fletchinder,data/raw_images/_extracted/images/Fletchinder/1.jpg,data/images/fletchinder.jpg
tynamo,tynamo,data/raw_images/_extracted/images/Tynamo/1.jpg,data/images/tynamo.jpg
exeggutor,exeggutor,data/raw_images/_extracted/images/Exeggutor/2.jpg,data/images/exeggutor.jpg
dunsparce,dunsparce,data/raw_images/_extracted/images/Dunsparce/2.jpg,data/images/dunsparce.jpg
klink,klink,data/raw_images/_extracted/images/Klink/1.jpg,data/images/klink.jpg
persian,persian,data/raw_images/_extracted/images/Persian/4.jpg,data/images/persian.jpg
bagon,bagon,data/raw_images/_extracted/images/Bagon/1.jpg,data/images/bagon.jpg
spiritomb,spiritomb,data/raw_images/_extracted/images/Spiritomb/1.jpg,data/images/spiritomb.jpg
latias,latias,data/raw_images/_extracted/images/Latias/4.jpg,data/images/latias.jpg
regirock,regirock,data/raw_images/_extracted/images/Regirock/1.jpg,data/images/regirock.jpg
combee,combee,data/raw_images/_extracted/images/Combee/1.jpg,data/images/combee.jpg
glaceon,glaceon,data/raw_images/_extracted/images/Glaceon/1.jpg,data/images/glaceon.jpg
groudon,groudon,data/raw_images/_extracted/images/Groudon/4.jpg,data/images/groudon.jpg
hitmontop,hitmontop,data/raw_images/_extracted/images/Hitmontop/2.jpg,data/images/hitmontop.jpg
vespiquen,vespiquen,data/raw_images/_extracted/images/Vespiquen/1.jpg,data/images/vespiquen.jpg
skarmory,skarmory,data/raw_images/_extracted/images/Skarmory/2.jpg,data/images/skarmory.jpg
psyduck,psyduck,data/raw_images/_extracted/images/Psyduck/2.jpg,data/images/psyduck.jpg
cleffa,cleffa,data/raw_images/_extracted/images/Cleffa/2.jpg,data/images/cleffa.jpg
yamask,yamask,data/raw_images/_extracted/images/Yamask/2.jpg,data/images/yamask.jpg
samurott,samurott,data/raw_images/_extracted/images/Samurott/1.jpg,data/images/samurott.jpg
poochyena,poochyena,data/raw_images/_extracted/images/Poochyena/1.jpg,data/images/poochyena.jpg
tirtouga,tirtouga,data/raw_images/_extracted/images/Tirtouga/1.jpg,data/images/tirtouga.jpg
froakie,froakie,data/raw_images/_extracted/images/Froakie/1.jpg,data/images/froakie.jpg
hooh,hooh,data/raw_images/_extracted/images/Ho-oh/4.jpg,data/images/hooh.jpg
ferrothorn,ferrothorn,data/raw_images/_extracted/images/Ferrothorn/1.jpg,data/images/ferrothorn.jpg
snivy,snivy,data/raw_images/_extracted/images/Snivy/2.jpg,data/images/snivy.jpg
wurmple,wurmple,data/raw_images/_extracted/images/Wurmple/1.jpg,data/images/wurmple.jpg
beartic,beartic,data/raw_images/_extracted/images/Beartic/1.jpg,data/images/beartic.jpg
tauros,tauros,data/raw_images/_extracted/images/Tauros/2.jpg,data/images/tauros.jpg
slugma,slugma,data/raw_images/_extracted/images/Slugma/2.jpg,data/images/slugma.jpg
yanmega,yanmega,data/raw_images/_extracted/images/Yanmega/1.jpg,data/images/yanmega.jpg
froslass,froslass,data/raw_images/_extracted/images/Froslass/1.jpg,data/images/froslass.jpg
zorua,zorua,data/raw_images/_extracted/images/Zorua/1.jpg,data/images/zorua.jpg
feraligatr,feraligatr,data/raw_images/_extracted/images/Feraligatr/2.jpg,data/images/feraligatr.jpg
pidgey,pidgey,data/raw_images/_extracted/images/Pidgey/2.jpg,data/images/pidgey.jpg
lunatone,lunatone,data/raw_images/_extracted/images/Lunatone/1.jpg,data/images/lunatone.jpg
rayquaza,rayquaza,data/raw_images/_extracted/images/Rayquaza/2.jpg,data/images/rayquaza.jpg
electabuzz,electabuzz,data/raw_images/_extracted/images/Electabuzz/2.jpg,data/images/electabuzz.jpg
donphan,donphan,data/raw_images/_extracted/images/Donphan/2.jpg,data/images/donphan.jpg
murkrow,murkrow,data/raw_images/_extracted/images/Murkrow/2.jpg,data/images/murkrow.jpg
gothorita,gothorita,data/raw_images/_extracted/images/Gothorita/1.jpg,data/images/gothorita.jpg
vibrava,vibrava,data/raw_images/_extracted/images/Vibrava/1.jpg,data/images/vibrava.jpg
skiploom,skiploom,data/raw_images/_extracted/images/Skiploom/2.jpg,data/images/skiploom.jpg
anorith,anorith,data/raw_images/_extracted/images/Anorith/1.jpg,data/images/anorith.jpg
togepi,togepi,data/raw_images/_extracted/images/Togepi/2.jpg,data/images/togepi.jpg
dewgong,dewgong,data/raw_images/_extracted/images/Dewgong/2.jpg,data/images/dewgong.jpg
elekid,elekid,data/raw_images/_extracted/images/Elekid/2.jpg,data/images/elekid.jpg
feebas,feebas,data/raw_images/_extracted/images/Feebas/1.jpg,data/images/feebas.jpg
klang,klang,data/raw_images/_extracted/images/Klang/1.jpg,data/images/klang.jpg
frillish,frillish,data/raw_images/_extracted/images/Frillish/2.jpg,data/images/frillish.jpg
helioptile,helioptile,data/raw_images/_extracted/images/Helioptile/1.jpg,data/images/helioptile.jpg
umbreon,umbreon,data/raw_images/_extracted/images/Umbreon/2.jpg,data/images/umbreon.jpg
marill,marill,data/raw_images/_extracted/images/Marill/2.jpg,data/images/marill.jpg
chatot,chatot,data/raw_images/_extracted/images/Chatot/1.jpg,data/images/chatot.jpg
shieldon,shieldon,data/raw_images/_extracted/images/Shieldon/1.jpg,data/images/shieldon.jpg
musharna,musharna,data/raw_images/_extracted/images/Musharna/1.jpg,data/images/musharna.jpg
slakoth,slakoth,data/raw_images/_extracted/images/Slakoth/1.jpg,data/images/slakoth.jpg
wartortle,wartortle,data/raw_images/_extracted/images/Wartortle/2.jpg,data/images/wartortle.jpg
whismur,whismur,data/raw_images/_extracted/images/Whismur/1.jpg,data/images/whismur.jpg
cobalion,cobalion,data/raw_images/_extracted/images/Cobalion/1.jpg,data/images/cobalion.jpg
woobat,woobat,data/raw_images/_extracted/images/Woobat/1.jpg,data/images/woobat.jpg
amoonguss,amoonguss,data/raw_images/_extracted/images/Amoonguss/1.jpg,data/images/amoonguss.jpg
nidoking,nidoking,data/raw_images/_extracted/images/Nidoking/2.jpg,data/images/nidoking.jpg
jirachi,jirachi,data/raw_images/_extracted/images/Jirachi/1.jpg,data/images/jirachi.jpg
bouffalant,bouffalant,data/raw_images/_extracted/images/Bouffalant/1.jpg,data/images/bouffalant.jpg
quagsire,quagsire,data/raw_images/_extracted/images/Quagsire/2.jpg,data/images/quagsire.jpg
solrock,solrock,data/raw_images/_extracted/images/Solrock/1.jpg,data/images/solrock.jpg
leavanny,leavanny,data/raw_images/_extracted/images/Leavanny/1.jpg,data/images/leavanny.jpg
grimer,grimer,data/raw_images/_extracted/images/Grimer/4.jpg,data/images/grimer.jpg
swinub,swinub,data/raw_images/_extracted/images/Swinub/2.jpg,data/images/swinub.jpg
mightyena,mightyena,data/raw_images/_extracted/images/Mightyena/1.jpg,data/images/mightyena.jpg
ekans,ekans,data/raw_images/_extracted/images/Ekans/2.jpg,data/images/ekans.jpg
porygon2,porygon2,data/raw_images/_extracted/images/Porygon2/2.jpg,data/images/porygon2.jpg
electivire,electivire,data/raw_images/_extracted/images/Electivire/1.jpg,data/images/electivire.jpg
magby,magby,data/raw_images/_extracted/images/Magby/2.jpg,data/images/magby.jpg
ledyba,ledyba,data/raw_images/_extracted/images/Ledyba/2.jpg,data/images/ledyba.jpg
infernape,infernape,data/raw_images/_extracted/images/Infernape/1.jpg,data/images/infernape.jpg
xatu,xatu,data/raw_images/_extracted/images/Xatu/2.jpg,data/images/xatu.jpg
leafeon,leafeon,data/raw_images/_extracted/images/Leafeon/1.jpg,data/images/leafeon.jpg
caterpie,caterpie,data/raw_images/_extracted/images/Caterpie/2.jpg,data/images/caterpie.jpg
slowking,slowking,data/raw_images/_extracted/images/Slowking/2.jpg,data/images/slowking.jpg
metang,metang,data/raw_images/_extracted/images/Metang/1.jpg,data/images/metang.jpg
tangela,tangela,data/raw_images/_extracted/images/Tangela/2.jpg,data/images/tangela.jpg
drilbur,drilbur,data/raw_images/_extracted/images/Drilbur/1.jpg,data/images/drilbur.jpg
swampert,swampert,data/raw_images/_extracted/images/Swampert/2.jpg,data/images/swampert.jpg
dusknoir,dusknoir,data/raw_images/_extracted/images/Dusknoir/1.jpg,data/images/dusknoir.jpg
rotom,rotom,data/raw_images/_extracted/images/Rotom/4.jpg,data/images/rotom.jpg
snubbull,snubbull,data/raw_images/_extracted/images/Snubbull/2.jpg,data/images/snubbull.jpg
pyroar,pyroar,data/raw_images/_extracted/images/Pyroar/2.jpg,data/images/pyroar.jpg
purrloin,purrloin,data/raw_images/_extracted/images/Purrloin/1.jpg,data/images/purrloin.jpg
whimsicott,whimsicott,data/raw_images/_extracted/images/Whimsicott/1.jpg,data/images/whimsicott.jpg
audino,audino,data/raw_images/_extracted/images/Audino/2.jpg,data/images/audino.jpg
linoone,linoone,data/raw_images/_extracted/images/Linoone/2.jpg,data/images/linoone.jpg
zigzagoon,zigzagoon,data/raw_images/_extracted/images/Zigzagoon/2.jpg,data/images/zigzagoon.jpg
kakuna,kakuna,data/raw_images/_extracted/images/Kakuna/2.jpg,data/images/kakuna.jpg
golem,golem,data/raw_images/_extracted/images/Golem/4.jpg,data/images/golem.jpg
cascoon,cascoon,data/raw_images/_extracted/images/Cascoon/1.jpg,data/images/cascoon.jpg
slowbro,slowbro,data/raw_images/_extracted/images/Slowbro/4.jpg,data/images/slowbro.jpg
illumise,illumise,data/raw_images/_extracted/images/Illumise/1.jpg,data/images/illumise.jpg
nincada,nincada,data/raw_images/_extracted/images/Nincada/1.jpg,data/images/nincada.jpg
shellos,shellos,data/raw_images/_extracted/images/Shellos/2.jpg,data/images/shellos.jpg
jynx,jynx,data/raw_images/_extracted/images/Jynx/2.jpg,data/images/jynx.jpg
vanillish,vanillish,data/raw_images/_extracted/images/Vanillish/1.jpg,data/images/vanillish.jpg
mew,mew,data/raw_images/_extracted/images/Mew/4.jpg,data/images/mew.jpg
malamar,malamar,data/raw_images/_extracted/images/Malamar/1.jpg,data/images/malamar.jpg
riolu,riolu,data/raw_images/_extracted/images/Riolu/1.jpg,data/images/riolu.jpg
igglybuff,igglybuff,data/raw_images/_extracted/images/Igglybuff/2.jpg,data/images/igglybuff.jpg
paras,paras,data/raw_images/_extracted/images/Paras/2.jpg,data/images/paras.jpg
houndour,houndour,data/raw_images/_extracted/images/Houndour/2.jpg,data/images/houndour.jpg
masquerain,masquerain,data/raw_images/_extracted/images/Masquerain/1.jpg,data/images/masquerain.jpg
sunflora,sunflora,data/raw_images/_extracted/images/Sunflora/2.jpg,data/images/sunflora.jpg
hitmonlee,hitmonlee,data/raw_images/_extracted/images/Hitmonlee/2.jpg,data/images/hitmonlee.jpg
shuppet,shuppet,data/raw_images/_extracted/images/Shuppet/1.jpg,data/images/shuppet.jpg
exeggcute,exeggcute,data/raw_images/_extracted/images/Exeggcute/2.jpg,data/images/exeggcute.jpg
simipour,simipour,data/raw_images/_extracted/images/Simipour/1.jpg,data/images/simipour.jpg
lairon,lairon,data/raw_images/_extracted/images/Lairon/1.jpg,data/images/lairon.jpg
lucario,lucario,data/raw_images/_extracted/images/Lucario/2.jpg,data/images/lucario.jpg
shroomish,shroomish,data/raw_images/_extracted/images/Shroomish/1.jpg,data/images/shroomish.jpg
crustle,crustle,data/raw_images/_extracted/images/Crustle/1.jpg,data/images/crustle.jpg
skrelp,skrelp,data/raw_images/_extracted/images/Skrelp/1.jpg,data/images/skrelp.jpg
swanna,swanna,data/raw_images/_extracted/images/Swanna/1.jpg,data/images/swanna.jpg
arbok,arbok,data/raw_images/_extracted/images/Arbok/2.jpg,data/images/arbok.jpg
joltik,joltik,data/raw_images/_extracted/images/Joltik/1.jpg,data/images/joltik.jpg
litwick,litwick,data/raw_images/_extracted/images/Litwick/1.jpg,data/images/litwick.jpg
roselia,roselia,data/raw_images/_extracted/images/Roselia/1.jpg,data/images/roselia.jpg
venomoth,venomoth,data/raw_images/_extracted/images/Venomoth/2.jpg,data/images/venomoth.jpg
lillipup,lillipup,data/raw_images/_extracted/images/Lillipup/1.jpg,data/images/lillipup.jpg
huntail,huntail,data/raw_images/_extracted/images/Huntail/1.jpg,data/images/huntail.jpg
kecleon,kecleon,data/raw_images/_extracted/images/Kecleon/1.jpg,data/images/kecleon.jpg
greninja,greninja,data/raw_images/_extracted/images/Greninja/4.jpg,data/images/greninja.jpg
steelix,steelix,data/raw_images/_extracted/images/Steelix/4.jpg,data/images/steelix.jpg
bronzor,bronzor,data/raw_images/_extracted/images/Bronzor/1.jpg,data/images/bronzor.jpg
turtwig,turtwig,data/raw_images/_extracted/images/Turtwig/2.jpg,data/images/turtwig.jpg
kyogre,kyogre,data/raw_images/_extracted/images/Kyogre/4.jpg,data/images/kyogre.jpg
medicham,medicham,data/raw_images/_extracted/images/Medicham/2.jpg,data/images/medicham.jpg
volcanion,volcanion,data/raw_images/_extracted/images/Volcanion/1.jpg,data/images/volcanion.jpg
exploud,exploud,data/raw_images/_extracted/images/Exploud/1.jpg,data/images/exploud.jpg
maractus,maractus,data/raw_images/_extracted/images/Maractus/1.jpg,data/images/maractus.jpg
talonflame,talonflame,data/raw_images/_extracted/images/Talonflame/1.jpg,data/images/talonflame.jpg
drifblim,drifblim,data/raw_images/_extracted/images/Drifblim/1.jpg,data/images/drifblim.jpg
happiny,happiny,data/raw_images/_extracted/images/Happiny/1.jpg,data/images/happiny.jpg
dratini,dratini,data/raw_images/_extracted/images/Dratini/2.jpg,data/images/dratini.jpg
drifloon,drifloon,data/raw_images/_extracted/images/Drifloon/1.jpg,data/images/drifloon.jpg
cubone,cubone,data/raw_images/_extracted/images/Cubone/2.jpg,data/images/cubone.jpg
zweilous,zweilous,data/raw_images/_extracted/images/Zweilous/1.jpg,data/images/zweilous.jpg
phanpy,phanpy,data/raw_images/_extracted/images/Phanpy/2.jpg,data/images/phanpy.jpg
croagunk,croagunk,data/raw_images/_extracted/images/Croagunk/1.jpg,data/images/croagunk.jpg
rhydon,rhydon,data/raw_images/_extracted/images/Rhydon/2.jpg,data/images/rhydon.jpg
barboach,barboach,data/raw_images/_extracted/images/Barboach/1.jpg,data/images/barboach.jpg
wailord,wailord,data/raw_images/_extracted/images/Wailord/1.jpg,data/images/wailord.jpg
sneasel,sneasel,data/raw_images/_extracted/images/Sneasel/2.jpg,data/images/sneasel.jpg
mawile,mawile,data/raw_images/_extracted/images/Mawile/2.jpg,data/images/mawile.jpg
dragonite,dragonite,data/raw_images/_extracted/images/Dragonite/2.jpg,data/images/dragonite.jpg
chimchar,chimchar,data/raw_images/_extracted/images/Chimchar/2.jpg,data/images/chimchar.jpg
nidorino,nidorino,data/raw_images/_extracted/images/Nidorino/2.jpg,data/images/nidorino.jpg
plusle,plusle,data/raw_images/_extracted/images/Plusle/1.jpg,data/images/plusle.jpg
chimecho,chimecho,data/raw_images/_extracted/images/Chimecho/1.jpg,data/images/chimecho.jpg
swoobat,swoobat,data/raw_images/_extracted/images/Swoobat/1.jpg,data/images/swoobat.jpg
lilligant,lilligant,data/raw_images/_extracted/images/Lilligant/1.jpg,data/images/lilligant.jpg
lanturn,lanturn,data/raw_images/_extracted/images/Lanturn/2.jpg,data/images/lanturn.jpg
delcatty,delcatty,data/raw_images/_extracted/images/Delcatty/1.jpg,data/images/delcatty.jpg
dragalge,dragalge,data/raw_images/_extracted/images/Dragalge/1.jpg,data/images/dragalge.jpg
lickitung,lickitung,data/raw_images/_extracted/images/Lickitung/2.jpg,data/images/lickitung.jpg
cofagrigus,cofagrigus,data/raw_images/_extracted/images/Cofagrigus/1.jpg,data/images/cofagrigus.jpg
blitzle,blitzle,data/raw_images/_extracted/images/Blitzle/1.jpg,data/images/blitzle.jpg
monferno,monferno,data/raw_images/_extracted/images/Monferno/1.jpg,data/images/monferno.jpg
nidorina,nidorina,data/raw_images/_extracted/images/Nidorina/2.jpg,data/images/nidorina.jpg
gothita,gothita,data/raw_images/_extracted/images/Gothita/1.jpg,data/images/gothita.jpg
luvdisc,luvdisc,data/raw_images/_extracted/images/Luvdisc/1.jpg,data/images/luvdisc.jpg
seviper,seviper,data/raw_images/_extracted/images/Seviper/1.jpg,data/images/seviper.jpg
charizard,charizard,data/raw_images/_extracted/images/Charizard/4.jpg,data/images/charizard.jpg
forretress,forretress,data/raw_images/_extracted/images/Forretress/2.jpg,data/images/forretress.jpg
poliwhirl,poliwhirl,data/raw_images/_extracted/images/Poliwhirl/2.jpg,data/images/poliwhirl.jpg
nidoqueen,nidoqueen,data/raw_images/_extracted/images/Nidoqueen/2.jpg,data/images/nidoqueen.jpg
kyurem,kyurem,data/raw_images/_extracted/images/Kyurem/4.jpg,data/images/kyurem.jpg
sableye,sableye,data/raw_images/_extracted/images/Sableye/2.jpg,data/images/sableye.jpg
